date,HRP
1970-02-01,0.06496007564411044
1970-03-01,0.011168140238085598
1970-04-01,-0.08457914801285987
1970-05-01,-0.06699724053625442
1970-06-01,-0.044759726277111736
1970-07-01,0.06747454560851732
1970-08-01,0.045955706237695904
1970-09-01,0.041729782187213106
1970-10-01,-0.013973306213678933
1970-11-01,0.0504439266075489
1970-12-01,0.07830116918735677
1971-01-01,0.06244719830146982
1971-02-01,0.01565964891889081
1971-03-01,0.03108523785266147
1971-04-01,0.030824541273154142
1971-05-01,-0.03742755064719014
1971-06-01,-0.001241978328187857
1971-07-01,-0.030161984809180913
1971-08-01,0.040442432261080054
1971-09-01,-0.011469845791985657
1971-10-01,-0.044066660221619126
1971-11-01,-0.012234229227607939
1971-12-01,0.09564239514644586
1972-01-01,0.02484901498131203
1972-02-01,0.024177466109441555
1972-03-01,0.0009403802483186274
1972-04-01,-0.000192330214504392
1972-05-01,0.002095477710907111
1972-06-01,-0.024263539673548638
1972-07-01,-0.009311282458444339
1972-08-01,0.037417920026270104
1972-09-01,-0.016005699173409625
1972-10-01,0.011208731849796061
1972-11-01,0.06760477834691164
1972-12-01,-0.003234342919862029
1973-01-01,-0.03221815746388924
1973-02-01,-0.03492678584801413
1973-03-01,-0.010226656422447113
1973-04-01,-0.03301528196306414
1973-05-01,-0.024113528074958354
1973-06-01,-0.01557684142606172
1973-07-01,0.047054707264411806
1973-08-01,-0.023926141376720257
1973-09-01,0.07298532139242164
1973-10-01,0.0013266726462742478
1973-11-01,-0.11249807889270558
1973-12-01,0.020841199978231653
1974-01-01,0.04338147047220199
1974-02-01,0.015057966169147655
1974-03-01,-0.021005178050447777
1974-04-01,-0.06067699600569834
1974-05-01,-0.052269214826351204
1974-06-01,-0.019396625577723307
1974-07-01,-0.053931312396189916
1974-08-01,-0.0854819545385562
1974-09-01,-0.07839274715081054
1974-10-01,0.13816758637984583
1974-11-01,-0.030388666600865352
1974-12-01,-0.022297546741527695
1975-01-01,0.210394778380133
1975-02-01,0.05000105592046572
1975-03-01,0.04162914769709989
1975-04-01,0.03715066788071006
1975-05-01,0.056107171812272115
1975-06-01,0.06137802068259959
1975-07-01,-0.05162914093038133
1975-08-01,-0.018232382753158003
1975-09-01,-0.028176903205816017
1975-10-01,0.049315641833213936
1975-11-01,0.035800969614604855
1975-12-01,-0.0028450771012437643
1976-01-01,0.1464575108998154
1976-02-01,0.02133957741042872
1976-03-01,0.020409028285790384
1976-04-01,-0.0017005228587181208
1976-05-01,-0.0070666718598972325
1976-06-01,0.04963244306145666
1976-07-01,-0.0035950818093173887
1976-08-01,-0.006434060190899987
1976-09-01,0.022292839023156267
1976-10-01,-0.018751545752944868
1976-11-01,0.02304187484551992
1976-12-01,0.06521753645622926
1977-01-01,-0.01903574173029548
1977-02-01,-0.013077147222955499
1977-03-01,6.069507170039577e-05
1977-04-01,0.011792577286167337
1977-05-01,-0.012515557678544578
1977-06-01,0.044293270252985614
1977-07-01,-0.020469789680688834
1977-08-01,-0.02299271156647819
1977-09-01,-0.00034445155334880207
1977-10-01,-0.037542161589370765
1977-11-01,0.04624878292077245
1977-12-01,0.003759960853262516
1978-01-01,-0.05261793349911229
1978-02-01,-0.008321917106057735
1978-03-01,0.04075738695882111
1978-04-01,0.06864419546314936
1978-05-01,0.028253020372124474
1978-06-01,-0.004205761724436954
1978-07-01,0.049839226430378844
1978-08-01,0.04187772263579384
1978-09-01,-0.0033306546029583635
1978-10-01,-0.10804068097874378
1978-11-01,0.023671896352341168
1978-12-01,0.0038020893260506143
1979-01-01,0.05729400675988142
1979-02-01,-0.022275987516269503
1979-03-01,0.05248080241854741
1979-04-01,0.006358473973325798
1979-05-01,-0.003834554260555869
1979-06-01,0.045101478341745674
1979-07-01,0.019404774328926747
1979-08-01,0.05879405082272812
1979-09-01,-0.0024595254239259687
1979-10-01,-0.08084532294815407
1979-11-01,0.05321998208867752
1979-12-01,0.021496521127244986
1980-01-01,0.03722621460638728
1980-02-01,-0.0322831676782782
1980-03-01,-0.08218251044015404
1980-04-01,0.061085195144893724
1980-05-01,0.07679323319396195
1980-06-01,0.029776194796736547
1980-07-01,0.06940527024932791
1980-08-01,0.015970092637840383
1980-09-01,0.016098359526898334
1980-10-01,0.006291189999629718
1980-11-01,0.04172657069945322
1980-12-01,0.005199102015041357
1981-01-01,0.003822880927433904
1981-02-01,0.029818646421228206
1981-03-01,0.07088560076153305
1981-04-01,0.008602728897789813
1981-05-01,0.019426814482232265
1981-06-01,0.00010890754470036478
1981-07-01,-0.023455513635983118
1981-08-01,-0.04816578506670793
1981-09-01,-0.03752596981160666
1981-10-01,0.05124713517279954
1981-11-01,0.04133677123458056
1981-12-01,-0.01597808207124559
1982-01-01,-0.005273285366879359
1982-02-01,-0.022181732781455594
1982-03-01,0.0076939180474064105
1982-04-01,0.044304923546312
1982-05-01,-0.038510247791278665
1982-06-01,-0.0007303696227951286
1982-07-01,-0.012495400513293998
1982-08-01,0.11872697703997424
1982-09-01,0.025310314809084473
1982-10-01,0.11988331344147989
1982-11-01,0.04699918453131857
1982-12-01,0.014121207506503284
1983-01-01,0.02449874866285503
1983-02-01,0.03833570204789606
1983-03-01,0.051292035939425454
1983-04-01,0.06183368700298879
1983-05-01,0.01230478017266079
1983-06-01,0.023804125185140905
1983-07-01,-0.014344348452944425
1983-08-01,0.0035496824658629847
1983-09-01,0.03850891883688926
1983-10-01,0.0042594040582535735
1983-11-01,0.036574122296226926
1983-12-01,-0.01342697277649679
1984-01-01,-0.007317119536366455
1984-02-01,-0.03931328070189678
1984-03-01,0.01817286700184361
1984-04-01,-9.846708636472318e-05
1984-05-01,-0.04268890826891453
1984-06-01,0.03570560888686652
1984-07-01,-0.020458289794930022
1984-08-01,0.09929551092054273
1984-09-01,0.01145466825542835
1984-10-01,0.011018070142570884
1984-11-01,0.0030489274677986053
1984-12-01,0.02474429820954798
1985-01-01,0.06426931175614764
1985-02-01,0.02160698572587373
1985-03-01,0.018079977471559545
1985-04-01,-0.005625596103284696
1985-05-01,0.06458888554604125
1985-06-01,0.018186635627846774
1985-07-01,-0.003907623554212687
1985-08-01,0.003566708647143148
1985-09-01,-0.02655875989688902
1985-10-01,0.04954595227625806
1985-11-01,0.07202259602444362
1985-12-01,0.040429976829335336
1986-01-01,0.013210422611733275
1986-02-01,0.07456186116165373
1986-03-01,0.06626533918631741
1986-04-01,-0.01750919580544047
1986-05-01,0.06134176067288252
1986-06-01,0.016208139815942164
1986-07-01,-0.05375469575532221
1986-08-01,0.07545157262844268
1986-09-01,-0.07382737836695087
1986-10-01,0.0637608681230602
1986-11-01,0.023395572480455498
1986-12-01,-0.02842805627974886
1987-01-01,0.12270152362534403
1987-02-01,0.0444467721524254
1987-03-01,0.0138824522504459
1987-04-01,-0.018537342031967316
1987-05-01,0.015995200583692748
1987-06-01,0.04821789824464213
1987-07-01,0.05767969206012783
1987-08-01,0.028276485294762486
1987-09-01,-0.01588223692623756
1987-10-01,-0.22191494775236675
1987-11-01,-0.05840567894990799
1987-12-01,0.06591976283982458
1988-01-01,0.057048270328367116
1988-02-01,0.050374651586342
1988-03-01,-0.016251719912201968
1988-04-01,0.0029038988348198506
1988-05-01,0.010102849088494565
1988-06-01,0.046751486987222236
1988-07-01,-0.004034957438944803
1988-08-01,-0.023007314202668952
1988-09-01,0.042798955064892154
1988-10-01,0.01866539236003452
1988-11-01,-0.020270497900930565
1988-12-01,0.020167860930494077
1989-01-01,0.06632199354828783
1989-02-01,-0.012597780328278557
1989-03-01,0.021955275692258552
1989-04-01,0.04796462927896726
1989-05-01,0.044087419646705026
1989-06-01,0.0019248710903130486
1989-07-01,0.07644690084687178
1989-08-01,0.01857906614500213
1989-09-01,-0.010873129041368699
1989-10-01,-0.026578105494980877
1989-11-01,0.017814635414603104
1989-12-01,0.02599394855950989
1990-01-01,-0.06827050673843252
1990-02-01,0.004824759602173082
1990-03-01,0.018611335464154465
1990-04-01,-0.03818272821931136
1990-05-01,0.08813886143677375
1990-06-01,-0.007312273246622954
1990-07-01,-0.008315622332775224
1990-08-01,-0.0978240890563776
1990-09-01,-0.05207094954906679
1990-10-01,-0.004716329872634233
1990-11-01,0.06832935768955867
1990-12-01,0.028166399929381095
1991-01-01,0.046965856371285516
1991-02-01,0.07138567020328854
1991-03-01,0.029466799183823
1991-04-01,0.0035296411359093957
1991-05-01,0.038271970894211436
1991-06-01,-0.04771034990331098
1991-07-01,0.03913770266318373
1991-08-01,0.01888738656094104
1991-09-01,-0.010383659662874405
1991-10-01,0.012594119643555834
1991-11-01,-0.04038241805302793
1991-12-01,0.09404567735218136
1992-01-01,-0.005259485869456059
1992-02-01,0.014089872906836642
1992-03-01,-0.014996731300040882
1992-04-01,0.02579011557098045
1992-05-01,0.008733226427421796
1992-06-01,-0.013653783915893019
1992-07-01,0.043551453367806525
1992-08-01,-0.019110298892678977
1992-09-01,0.012263286926461314
1992-10-01,0.011639804556009641
1992-11-01,0.03108486990244987
1992-12-01,0.02660821778612404
1993-01-01,0.021694149024931223
1993-02-01,0.026556078371681717
1993-03-01,0.02543500764772214
1993-04-01,-0.014216815974693922
1993-05-01,0.01950110984881763
1993-06-01,0.008552769009588653
1993-07-01,0.006213643982826585
1993-08-01,0.041147033268971046
1993-09-01,-0.013566065799151563
1993-10-01,0.013350100356565019
1993-11-01,-0.017621518971023965
1993-12-01,0.019295684761880417
1994-01-01,0.027483071632006993
1994-02-01,-0.019206167652794176
1994-03-01,-0.035346009581520996
1994-04-01,0.007357464812201009
1994-05-01,0.009005633762686132
1994-06-01,-0.016726220012047696
1994-07-01,0.031043055394287814
1994-08-01,0.047460665819491446
1994-09-01,-0.0282194005882462
1994-10-01,0.009614156336269587
1994-11-01,-0.04227989190427825
1994-12-01,0.016644726719545935
1995-01-01,0.02246291038265774
1995-02-01,0.04098403504808812
1995-03-01,0.027874816871103426
1995-04-01,0.01965258680370898
1995-05-01,0.032892327844754654
1995-06-01,0.019853294644463823
1995-07-01,0.029921563277832193
1995-08-01,0.0034938590946795045
1995-09-01,0.026047073383440103
1995-10-01,-0.015510189020524843
1995-11-01,0.051392469755276074
1995-12-01,0.018387483300555667
1996-01-01,0.029477849553473944
1996-02-01,0.010457748168875434
1996-03-01,0.0175575660240861
1996-04-01,0.02079622229077385
1996-05-01,0.016648046511040702
1996-06-01,0.0025276790519226425
1996-07-01,-0.04901634012469522
1996-08-01,0.029513469542310815
1996-09-01,0.04990650395505221
1996-10-01,0.013312025408880046
1996-11-01,0.05538803624841458
1996-12-01,-0.010462721989541892
1997-01-01,0.036411441430671036
1997-02-01,0.017587211167011743
1997-03-01,-0.034425040536168794
1997-04-01,0.03296790091397839
1997-05-01,0.05940424741037962
1997-06-01,0.045066867134435334
1997-07-01,0.05874392505826893
1997-08-01,-0.036042975593184666
1997-09-01,0.04744876342454274
1997-10-01,-0.030881282611018853
1997-11-01,0.042034219287721296
1997-12-01,0.023335296188599156
1998-01-01,-0.01007352061628971
1998-02-01,0.07257393766234979
1998-03-01,0.04308129440539499
1998-04-01,-0.001094960353174457
1998-05-01,-0.012801082078104958
1998-06-01,0.009556833169498813
1998-07-01,-0.04605514061999323
1998-08-01,-0.11470214042649046
1998-09-01,0.05074448596714244
1998-10-01,0.06471099219167582
1998-11-01,0.04098709316498407
1998-12-01,0.02172131834141564
1999-01-01,-0.010852997084702198
1999-02-01,-0.018620894438688505
1999-03-01,0.006487514320350644
1999-04-01,0.08666361056923925
1999-05-01,0.012593241651194131
1999-06-01,0.024552868798756983
1999-07-01,-0.02556467567301661
1999-08-01,-0.026452568677529757
1999-09-01,-0.041217061830147034
1999-10-01,0.03286455479609761
1999-11-01,-0.021948304920455918
1999-12-01,0.021333708077523824
2000-01-01,-0.04574025618577461
2000-02-01,-0.06856945182692745
2000-03-01,0.09758473454206366
2000-04-01,0.03311983715323162
2000-05-01,0.02731342870104684
2000-06-01,-0.01985237878494957
2000-07-01,-0.004383026998802343
2000-08-01,0.05313144934456229
2000-09-01,0.002537979261667994
2000-10-01,0.035504575979561456
2000-11-01,-0.0060979077019304275
2000-12-01,0.05213947660046342
2001-01-01,0.010635670812168214
2001-02-01,-0.0014979082407887328
2001-03-01,-0.03334115729663453
2001-04-01,0.038956109614856946
2001-05-01,0.02599156884075231
2001-06-01,-0.011395562853040029
2001-07-01,0.013793069227490417
2001-08-01,-0.018450274810446095
2001-09-01,-0.08266062312924102
2001-10-01,0.008882232772838686
2001-11-01,0.07185371923616568
2001-12-01,0.025712954986940005
2002-01-01,0.007273838570824592
2002-02-01,0.017246326119281008
2002-03-01,0.04414594250309031
2002-04-01,-0.020171997363495935
2002-05-01,0.0032973493958933977
2002-06-01,-0.06108666432182826
2002-07-01,-0.0722977807117041
2002-08-01,0.012265827509011507
2002-09-01,-0.08235845849991227
2002-10-01,0.04696974091196437
2002-11-01,0.043205574026189325
2002-12-01,-0.02239105352725102
2003-01-01,-0.023375919400355466
2003-02-01,-0.019624222033778553
2003-03-01,0.00992744844254203
2003-04-01,0.06357100746602593
2003-05-01,0.06500580579921206
2003-06-01,0.00041925622948384795
2003-07-01,0.017735913880373946
2003-08-01,0.020612669110623462
2003-09-01,-0.005540463891540706
2003-10-01,0.05322918882244575
2003-11-01,0.01996797879649661
2003-12-01,0.048251532417756066
2004-01-01,0.015674437005149845
2004-02-01,0.028779926042060998
2004-03-01,-0.0027316664925039215
2004-04-01,-0.0018091312143205486
2004-05-01,0.013777000002715192
2004-06-01,0.022649213021441083
2004-07-01,-0.035330748525634
2004-08-01,0.014854064591816414
2004-09-01,0.015815164867103847
2004-10-01,0.010079146117562582
2004-11-01,0.04491216158522399
2004-12-01,0.0353981048155595
2005-01-01,-0.014027095661101921
2005-02-01,0.014660604253749761
2005-03-01,-0.01074254501101058
2005-04-01,-0.010979071270951941
2005-05-01,0.026852855494928836
2005-06-01,0.0074484450565077695
2005-07-01,0.035068755180273706
2005-08-01,-0.012845646083484564
2005-09-01,0.0010206305282475562
2005-10-01,-0.012358035902554654
2005-11-01,0.031162304548561483
2005-12-01,0.007732864933634887
2006-01-01,0.02117872593961215
2006-02-01,0.009317233274235868
2006-03-01,0.009512974525954327
2006-04-01,0.005068715342438804
2006-05-01,-0.014631011698823049
2006-06-01,0.0018216222167204608
2006-07-01,0.0076146940306908864
2006-08-01,0.023820513156795738
2006-09-01,0.02319405594344603
2006-10-01,0.031874522279407055
2006-11-01,0.015252022239364674
2006-12-01,0.017034875089534315
2007-01-01,0.018024145159829662
2007-02-01,-0.0042205302120175755
2007-03-01,0.006748973445382431
2007-04-01,0.03721099987194573
2007-05-01,0.021587694031003773
2007-06-01,-0.020021868117244913
2007-07-01,-0.045808607385471656
2007-08-01,0.00918138195603715
2007-09-01,0.027222877939529565
2007-10-01,0.008285762659041063
2007-11-01,-0.026839099310541653
2007-12-01,-0.015935657192010906
2008-01-01,-0.04482895218196141
2008-02-01,-0.0284782162141864
2008-03-01,-0.0050259587473738205
2008-04-01,0.03439166883820512
2008-05-01,0.02179871429580833
2008-06-01,-0.08774828507285803
2008-07-01,0.01666256783707569
2008-08-01,0.02799606158084241
2008-09-01,-0.065881858594116
2008-10-01,-0.1716962381371847
2008-11-01,-0.06674959120778304
2008-12-01,0.022542615734007638
2009-01-01,-0.06061489023917884
2009-02-01,-0.09351030078947369
2009-03-01,0.0824097605602157
2009-04-01,0.08588248182513289
2009-05-01,0.03338208434013609
2009-06-01,0.017983458792400743
2009-07-01,0.06222313894241828
2009-08-01,0.03286396940950675
2009-09-01,0.03136722759759479
2009-10-01,-0.016556411811873988
2009-11-01,0.055878105220989405
2009-12-01,0.029574004232878107
2010-01-01,-0.0200938612304177
2010-02-01,0.030382881278985037
2010-03-01,0.048989930812293844
2010-04-01,0.015074987793983429
2010-05-01,-0.06017627477551267
2010-06-01,-0.03844231270740714
2010-07-01,0.059334927420336844
2010-08-01,-0.0260377757236767
2010-09-01,0.07826750636467966
2010-10-01,0.03116246057938781
2010-11-01,-0.004112104532202034
2010-12-01,0.051572189353759054
2011-01-01,0.007845298764657742
2011-02-01,0.03840510406882254
2011-03-01,0.01263994871522181
2011-04-01,0.0379467312262458
2011-05-01,0.005114701147734749
2011-06-01,-0.01459916923628484
2011-07-01,-0.02904309373057011
2011-08-01,-0.026899897900459293
2011-09-01,-0.049986208683568165
2011-10-01,0.08316543662244746
2011-11-01,0.0013361207554638394
2011-12-01,0.012684812107745807
2012-01-01,0.022101009962352685
2012-02-01,0.028038144722769654
2012-03-01,0.02512322694741924
2012-04-01,0.005462929690637941
2012-05-01,-0.03476785176501511
2012-06-01,0.03867006494101052
2012-07-01,0.008037669714702683
2012-08-01,0.011957231279132507
2012-09-01,0.019342499570477227
2012-10-01,-0.001364239541519255
2012-11-01,0.009006942295149789
2012-12-01,0.0013213458317466605
2013-01-01,0.05690685974254692
2013-02-01,0.02528251322765333
2013-03-01,0.048489054854421246
2013-04-01,0.02854710579284464
2013-05-01,-0.004682159853657582
2013-06-01,-0.003163421907236531
2013-07-01,0.04739276238399721
2013-08-01,-0.03404696741943959
2013-09-01,0.0314868385712298
2013-10-01,0.04551562175110785
2013-11-01,0.02013341938961591
2013-12-01,0.02131238677041599
2014-01-01,-0.024792760910512354
2014-02-01,0.048204008179689825
2014-03-01,0.013446835071675557
2014-04-01,0.010689846438581816
2014-05-01,0.018432883259430953
2014-06-01,0.020314269937441086
2014-07-01,-0.020571344562444305
2014-08-01,0.04123885226796422
2014-09-01,-0.011135607355413808
2014-10-01,0.038039673588314345
2014-11-01,0.03465534822715441
2014-12-01,0.0009740238626191721
2015-01-01,-0.020200308248217228
2015-02-01,0.050851853088673224
2015-03-01,-0.005668522007810572
2015-04-01,-0.005478185364110499
2015-05-01,0.012558555631549279
2015-06-01,-0.01777678586982074
2015-07-01,0.015708549339809537
2015-08-01,-0.05054281518181209
2015-09-01,-0.02636829566930166
2015-10-01,0.06614486849095981
2015-11-01,0.003709738442218095
2015-12-01,-0.017073087041935216
2016-01-01,-0.03864299583864661
2016-02-01,0.013497760496072195
2016-03-01,0.06828032036628781
2016-04-01,-0.0020026298112867115
2016-05-01,0.016180785476354046
2016-06-01,0.02117032935873711
2016-07-01,0.029202881795808516
2016-08-01,-0.005219170935289547
2016-09-01,-0.00400963055334703
2016-10-01,-0.02389612360767459
2016-11-01,0.0308472657972207
2016-12-01,0.015178112817329444
2017-01-01,0.01641521779333057
2017-02-01,0.03729830673569119
2017-03-01,0.002038311202014327
2017-04-01,0.011435851908933044
2017-05-01,0.011608659464983014
2017-06-01,0.006621625799160565
2017-07-01,0.012733879031239015
2017-08-01,-0.003289802503081413
2017-09-01,0.020191199780223608
2017-10-01,0.013365316304906932
2017-11-01,0.040071416605601186
2017-12-01,0.007635836319164299
2018-01-01,0.0424785438000851
2018-02-01,-0.04170440269155536
2018-03-01,-0.0030163691411239767
2018-04-01,0.004198823978057266
2018-05-01,0.008013820901639077
2018-06-01,0.012240512044300184
2018-07-01,0.03474590736094489
2018-08-01,0.021465368292353664
2018-09-01,0.005459468328578532
2018-10-01,-0.048667960460808124
2018-11-01,0.03169225091029688
2018-12-01,-0.08673210417688125
2019-01-01,0.07686697286850033
2019-02-01,0.03497836137332361
2019-03-01,0.014283674603943926
2019-04-01,0.032234036747036274
2019-05-01,-0.04508065289201944
2019-06-01,0.0617185815674466
2019-07-01,0.01053775731222582
2019-08-01,-0.004243772473187012
2019-09-01,0.023995052148119318
2019-10-01,0.003691509097886044
2019-11-01,0.021292696267612963
2019-12-01,0.02325363566271696
2020-01-01,0.005807232723127368
2020-02-01,-0.08685606830952912
2020-03-01,-0.14234802853962428
2020-04-01,0.10292002785951407
2020-05-01,0.047483776376857564
2020-06-01,-0.0013614376855793984
2020-07-01,0.05367074650823399
2020-08-01,0.034716376679081215
2020-09-01,-0.02026206761158482
2020-10-01,-0.016748173905230146
2020-11-01,0.09725960919368747
2020-12-01,0.029184133393530598
2021-01-01,-0.010304792449877927
2021-02-01,0.012769899170365775
2021-03-01,0.06879393536795526
2021-04-01,0.043610214825933705
2021-05-01,0.013996209652679741
2021-06-01,0.00765569135468517
2021-07-01,0.0226777808598523
2021-08-01,0.021341159539812974
2021-09-01,-0.048903554303772884
2021-10-01,0.04909480691731846
2021-11-01,-0.020991229886127574
2021-12-01,0.07972449128647105
2022-01-01,-0.041101186170997256
2022-02-01,-0.015569975152334936
2022-03-01,0.03666908677224448
2022-04-01,-0.04497144821929291
2022-05-01,0.003929789248218634
2022-06-01,-0.06226034034372761
2022-07-01,0.05987206126411801
2022-08-01,-0.03014167781231676
2022-09-01,-0.07992477746181877
2022-10-01,0.08880050780265099
2022-11-01,0.061161776032156764
2022-12-01,-0.03718222090625045
2023-01-01,0.043825085033473335
2023-02-01,-0.033189310546342415
2023-03-01,0.009164229675124343
2023-04-01,0.01456581509848957
2023-05-01,-0.045318983755569
2023-06-01,0.06049643982949248
2023-07-01,0.022681241827718385
2023-08-01,-0.028841469060556887
2023-09-01,-0.046245161072489674
2023-10-01,-0.026082816616856
2023-11-01,0.07746973346586894
2023-12-01,0.05053878788620576
2024-01-01,0.004769983658524372
2024-02-01,0.03078979646914695
2024-03-01,0.039711951928885256
2024-04-01,-0.04426578381601225
2024-05-01,0.02249785680130817
2024-06-01,-0.005354981187587451
2024-07-01,0.04577577989737431
2024-08-01,0.041952263855489315
2024-09-01,0.015082557778267001
2024-10-01,-0.018518929720535586
2024-11-01,0.05188254947964506
2024-12-01,-0.058850572613064686
