date,1/Beta,Preference (Cap - 1/Beta)
1960-01-29,0.0,-0.06709270175423362
1960-02-29,0.0,0.017111403433228006
1960-03-31,0.0,-0.010622770289783924
1960-04-29,0.0,-0.013724423415244788
1960-05-31,0.0,0.03791262967646741
1960-06-30,0.0,0.024465172276097055
1960-07-29,0.0,-0.020779817208123687
1960-08-31,0.0,0.03325532459347018
1960-09-30,0.0,-0.056724063536715476
1960-10-31,0.0,0.001030800476961746
1960-11-30,0.0,0.04857110718482832
1960-12-30,0.0,0.05140888338706916
1961-01-31,0.0,0.06736004810834359
1961-02-28,0.0,0.035567038718171635
1961-03-30,0.0,0.0318783567803577
1961-04-28,0.0,0.007485142500752736
1961-05-31,0.0,0.026528699868390456
1961-06-30,0.0,-0.02447695522006431
1961-07-31,0.0,0.03553731026042881
1961-08-31,0.0,0.027346514194898034
1961-09-29,0.0,-0.015551266786519228
1961-10-31,0.0,0.0317695487984174
1961-11-30,0.0,0.04780551698435134
1961-12-29,0.0,0.0071934989272536606
1962-01-31,0.0,-0.0346263528580673
1962-02-28,0.0,0.02228324234020097
1962-03-30,0.0,-0.002405193097503342
1962-04-30,0.0,-0.05941849000641968
1962-05-31,0.0,-0.07748752790935899
1962-06-29,0.0,-0.0785361386917102
1962-07-31,0.0,0.06833457381301479
1962-08-31,0.0,0.02343501930084136
1962-09-28,0.0,-0.0469477466590737
1962-10-31,0.0,0.010180846232999733
1962-11-30,0.0,0.11088434392410507
1962-12-31,0.0,0.017363289187424025
1963-01-31,0.040486083047914574,0.011629838947755572
1963-02-28,-0.005998195269951046,-0.01695696928394288
1963-03-29,-0.00320497210583939,0.04115368568395979
1963-04-30,0.01746505424141122,0.033104847918900046
1963-05-31,0.028526575875878757,-0.006678490932323922
1963-06-28,-0.006394768279787762,-0.010777527931829636
1963-07-31,-0.003472763705002169,0.0028888872725271377
1963-08-30,0.03449565967546076,0.020486714681648192
1963-09-30,-0.00793826319837377,-0.0008978242259116975
1963-10-31,0.07101497096157186,-0.03229994421145443
1963-11-29,-0.008740685991339541,0.00594180472549834
1963-12-31,-0.0255071847343319,0.053346889336727155
1964-01-31,0.004538252427356684,0.025217703285756166
1964-02-28,0.02398315347468822,-0.005608487177539177
1964-03-31,0.023867077786968595,-0.0046573604099498615
1964-04-30,-0.0036687272560267073,0.01304240283618154
1964-05-28,-0.00091345723042541,0.019556547107514373
1964-06-30,-0.004190618723380595,0.02357567006163372
1964-07-31,0.03077907115673319,-0.00992219000105466
1964-08-31,0.0022418866575098016,-0.012652292173275887
1964-09-30,0.04682558033955864,-0.014599195553895675
1964-10-30,0.03053844762185591,-0.019907659251069687
1964-11-30,0.015173419191567498,-0.011830429846219178
1964-12-31,0.023128868605684638,-0.01653636625222246
1965-01-29,0.04019930149071687,-0.003123945759048445
1965-02-26,0.014081944191338213,-0.008467469249441039
1965-03-31,0.011079155800138265,-0.021997027533622957
1965-04-30,0.023722192225556517,0.013787667971189705
1965-05-28,-0.02274738612435118,0.021175924127593
1965-06-30,-0.056970485587154326,0.011456847600304972
1965-07-30,0.013051542020862464,0.0033203034655566732
1965-08-31,0.025314206542847932,0.00410229455730949
1965-09-30,0.019577748691776555,0.015949690126702314
1965-10-29,0.02691553101628543,0.004094861578172442
1965-11-30,0.014898625650286495,-0.014956574737875733
1965-12-31,0.025648179463044263,-0.01293380560185922
1966-01-31,0.007134657572902968,0.0018667983140375514
1966-02-28,-0.00661776333156008,-0.0033261975293337916
1966-03-31,-0.02567766586643559,0.0049843495656576205
1966-04-29,0.010113533584755467,0.015361369198051832
1966-05-31,-0.04638814500497221,-0.0006594964325169622
1966-06-30,-0.0018025565281350393,-0.010419365767282234
1966-07-29,-0.02833886005738965,0.01852434052528961
1966-08-31,-0.05075016323856453,-0.018199581185063346
1966-09-30,-0.0021097333471023034,-0.0002771929621981791
1966-10-31,0.0033642574130342837,0.04951937855322326
1966-11-30,0.004103024766755641,0.014093079592467028
1966-12-30,0.004760143693004052,-0.0017253060348686711
1967-01-31,0.055441505033767574,0.027973668721721356
1967-02-28,0.0023099591677281464,0.007728802457606968
1967-03-31,0.021472463910131613,0.022534259627929716
1967-04-28,0.0016338386723976383,0.04582382233736063
1967-05-31,-0.018810947176638424,-0.025803916779545435
1967-06-30,0.025838246344616178,-0.003596246121769772
1967-07-31,0.018972207784677533,0.032179582015130756
1967-08-31,-0.0003827028203548736,-0.004606795278489603
1967-09-29,0.019411531178664808,0.017378945698960722
1967-10-31,-0.013845321948918871,-0.008435558432668206
1967-11-30,0.007073071989343995,0.0020275300174762293
1967-12-29,0.04678297603238256,-0.017032010334892395
1968-01-31,-0.026353521963630347,-0.01005005952713827
1968-02-29,-0.022277464604507975,-0.0026232766850985065
1968-03-29,-0.004213335963238031,0.016886122990132712
1968-04-30,0.03213310932141545,0.05552116386283001
1968-05-31,0.0013164177705934045,0.01871241627238019
1968-06-28,0.015652207212739327,-0.0028738036185511785
1968-07-30,-0.021983734053319177,0.009127612262798231
1968-08-30,0.014315084040741262,0.003960949095426594
1968-09-30,0.03154284935150887,0.0107405885355027
1968-10-31,0.020466449933303776,-0.008356616339415044
1968-11-29,0.047230970344907294,0.010116767757698902
1968-12-31,-0.00841640009947491,-0.030120519720512287
1969-01-31,-0.0009931236765934898,-0.0042189928886391444
1969-02-28,-0.107616053859628,0.06734277186192503
1969-03-28,-0.007707882429790331,0.04556752268908723
1969-04-30,-0.012264285946350453,0.03765092597725429
1969-05-29,-0.0005908357068847227,0.006909022717577332
1969-06-30,-0.07862997571110338,0.02777500053338699
1969-07-31,-0.16764282576718142,0.11200075091243278
1969-08-29,0.029218370224419275,0.01910191205686672
1969-09-30,-0.010881516688970564,-0.009783784356646697
1969-10-31,0.038454791451900096,0.011841242736905164
1969-11-28,-0.028705017686551915,0.0014504756020402645
1969-12-31,-0.0249562458829977,0.011349683251017016
1970-01-30,-0.03626092354211056,-0.0352685988320155
1970-02-27,0.020485212848174773,0.043097038830047896
1970-03-31,0.002614636281268107,0.002938183407344982
1970-04-30,-0.11584642389636321,0.030107709808789018
1970-05-29,-0.00825229679762859,-0.04172822968195968
1970-06-30,-0.02712777041350808,-0.016111370905050996
1970-07-31,0.045904558511286456,0.03438394640560265
1970-08-31,0.019380708833822962,0.03330850055635054
1970-09-30,0.03285957370279321,0.006166929843553881
1970-10-30,-0.003375000279574014,-0.002792849834544375
1970-11-30,0.008890006796817177,0.047938354209074635
1970-12-31,0.025474140746834212,0.03570386281284693
1971-01-29,0.03653090965284081,0.01018999539326789
1971-02-26,0.006992198197159585,0.008893856115482223
1971-03-31,0.01803571592184095,0.02361662529002375
1971-04-30,0.017958149534236773,0.022729772291965822
1971-05-28,-0.0037871230441674317,-0.031414707808788765
1971-06-30,-0.003321264129069614,0.008423268191572221
1971-07-30,-0.019457452460825593,-0.01838832995656383
1971-08-31,-0.04162489125432889,0.0882311694271861
1971-09-30,-0.05301234805094785,0.049758966193787786
1971-10-29,-0.051850407126398365,0.014826476249763625
1971-11-30,-0.008270969984305918,0.01308550916902421
1971-12-31,0.05659919113836917,0.033403490537852965
1972-01-31,0.02821558085145001,-0.005799992040881649
1972-02-29,0.023522680476862408,0.009714942659308126
1972-03-30,-0.002527909961938076,0.012786772027374091
1972-04-28,0.0006479149038923723,0.007045940543722623
1972-05-31,0.003783195012860223,0.021232504634795365
1972-06-30,-0.01018670825512125,-0.007263918359418316
1972-07-31,-0.023626497596579747,0.03000136893782762
1972-08-31,0.015140682464864788,0.02823043644533703
1972-09-29,-0.020921236402815707,0.01959555982218139
1972-10-31,-0.0032973710231571137,0.017085183739169073
1972-11-30,0.06741553650898101,-0.01363431091974783
1972-12-29,-0.036677476829578365,0.05233150789106099
1973-01-31,-0.08974608662624259,0.07822443641092765
1973-02-28,-0.026887635376180167,-0.0038808203384610405
1973-03-30,-0.0013817388708976814,0.0031825144399108924
1973-04-30,-0.06712280401310085,0.03033956545324438
1973-05-31,-0.038644234541067544,0.028234084753212894
1973-06-29,-0.06863460714188531,0.06627629609480955
1973-07-31,0.06960073324967145,-0.025448367881706388
1973-08-31,-0.019128012812353472,-0.009476153435377901
1973-09-28,0.037065206841121814,0.012432184355844464
1973-10-31,-0.0012282976104249113,0.007187055997454089
1973-11-30,-0.11012894488713795,0.01122202218775456
1973-12-31,0.00888742497533295,0.01646430747153689
1974-01-31,0.10629289877287357,-0.10716342343802288
1974-02-28,0.012997751920078474,-0.00811095697718288
1974-03-29,-0.0022681055288118483,-0.01640706044842501
1974-04-30,0.0057710426612471236,-0.03969931573057838
1974-05-31,-0.037582610204913824,0.016666397675439766
1974-06-28,-0.0033706911590640513,-0.006495158223249301
1974-07-31,-0.04299908744761251,-0.025768184244537903
1974-08-30,-0.05945260295626063,-0.017302955073212514
1974-09-30,-0.032300138586381866,-0.07750015028509809
1974-10-31,0.04302258060709224,0.13998568516313598
1974-11-29,-0.01598657951423584,-0.025807683918951396
1974-12-31,-0.023033003740285808,0.009310378112176826
1975-01-31,0.04585524929227054,0.09290207558259257
1975-02-28,0.0013322747414231933,0.07272935308301723
1975-03-31,0.013753661280624595,0.015670979525534486
1975-04-30,0.0007466220377856628,0.05581791477987884
1975-05-30,0.021784936242426837,0.034808064381752046
1975-06-30,0.023461795695231442,0.026744374237631298
1975-07-31,-0.028782360810149555,-0.03342773949616361
1975-08-29,-0.00840263279665373,-0.0048726589650717085
1975-09-30,-0.02508974426581679,-0.00427973709341015
1975-10-31,0.00883267766484952,0.061409877395707
1975-11-28,0.004698138748605422,0.028585444670539997
1975-12-31,0.0001881403342013716,-0.008329151361398088
1976-01-30,0.1376340701841539,-0.011552636813030481
1976-02-27,0.0034833546778164177,-0.005276757429031019
1976-03-31,0.003670750137352831,0.03252834860824976
1976-04-30,0.0030885733592593357,-0.010204420276294476
1976-05-28,-0.021240801662499597,0.016231496940015168
1976-06-30,0.07872438415365228,-0.03194276524573615
1976-07-30,-0.00703822655101426,0.001896779256198045
1976-08-31,-0.033934251110855344,0.03757739231010153
1976-09-30,0.008437179533601267,0.01790802150825328
1976-10-29,-0.006490517658268768,-0.011889295883056726
1976-11-30,0.017904378704529142,-0.015788484494101373
1976-12-31,0.08870787277626097,-0.03224243840107422
1977-01-31,-0.061517909351698125,0.015752175497501124
1977-02-28,-0.0406145307712382,0.026664079081029003
1977-03-31,0.013920280439849912,-0.02469215430888949
1977-04-29,-0.004175450357224398,0.008059465647917347
1977-05-31,0.066306043093482,-0.07913784232247544
1977-06-30,0.06056874888163461,-0.010713410046211048
1977-07-29,-0.04421194015455124,0.03079930015236917
1977-08-31,-0.004580875612218975,-0.004928651607590991
1977-09-30,0.008102574025753394,-0.007057725603175781
1977-10-31,-0.007760305178379613,-0.032402477054344486
1977-11-30,0.048435824270113864,-0.009638171498998503
1977-12-30,-0.003638394885042664,0.010885062605198554
1978-01-31,-0.027337448196112335,-0.03137071661024487
1978-02-28,-0.0011248226902963944,-0.012961710266289082
1978-03-31,0.012851980758397441,0.016664062427384774
1978-04-28,0.03872805027262959,0.053874231073494365
1978-05-31,0.016028731893315336,0.00022564694992507905
1978-06-30,-0.0017626849206400608,-0.012858646301194746
1978-07-31,0.03429751939708822,0.025577143928007265
1978-08-31,0.02689001027400275,0.009661522617308946
1978-09-29,-0.004207470725452154,0.001590940665743086
1978-10-31,-0.08194691143630044,-0.0044811548776574756
1978-11-30,0.0051050496267413875,0.024212292912251826
1978-12-29,0.0015668980047408617,0.01758425651828483
1979-01-31,0.03479215031488288,0.01060794546892884
1979-02-28,-0.0032921952517358717,-0.023579054647986812
1979-03-30,0.02335829914973915,0.036450875376783265
1979-04-30,0.0006009980067442819,0.006031243162288697
1979-05-31,1.0118413906275072e-06,-0.014140121112505056
1979-06-29,0.008519291050216798,0.03486123428372655
1979-07-31,0.002298954883057203,0.012309352217035417
1979-08-31,0.030499857435593507,0.034232291099656795
1979-09-28,0.004235892583786226,0.0005608879730360297
1979-10-31,-0.048064693754033716,-0.014462895657161787
1979-11-30,0.01848846628310265,0.03843192390027729
1979-12-31,0.02053201178328315,0.001242783553936734
1980-01-31,0.01943065656335889,0.05056100837281856
1980-02-29,-0.006650392911728537,0.020724192413171277
1980-03-31,-0.07123899724872682,-0.01902862088121232
1980-04-30,0.004609966293020224,0.0416853111575475
1980-05-30,0.0515678539474879,0.007088911359723442
1980-06-30,0.02276754213106611,0.010292311241602362
1980-07-31,0.06183130630869793,0.012004603569060232
1980-08-29,0.003599602603407053,0.013120600498641836
1980-09-30,0.04134373101785392,-0.008706826319559706
1980-10-31,0.006116220314451667,0.017940574091497435
1980-11-28,0.028438548974110845,0.09648786184613728
1980-12-31,0.01350692026483081,-0.03666414001945643
1981-01-30,-0.018067127407717057,-0.018925149819650003
1981-02-27,0.01792507830551316,0.007316478932817401
1981-03-31,0.04288859309728477,0.004343626898767564
1981-04-30,0.011660831698205788,-0.023515213540135936
1981-05-29,0.013292925419828735,-0.0025836057316765484
1981-06-30,-0.04125982961021032,0.03885897589074986
1981-07-31,-0.017270832465905696,0.024115091119766518
1981-08-31,-0.03082978341788898,-0.021878718571778935
1981-09-30,-0.022589725859870624,-0.022122505324610638
1981-10-30,0.04186081124466046,0.019358959513656765
1981-11-30,0.002980054704880517,0.04423162092603947
1981-12-31,0.013647878483597707,-0.03832557235760483
1982-01-29,-0.013203408296165172,0.0034308842904266865
1982-02-26,-0.01582117295641017,-0.029041678459089313
1982-03-31,-0.000799271364873632,-0.0018084345622653443
1982-04-30,0.03152578026941789,0.012978511179258717
1982-05-28,-0.007515538272190966,-0.018135482444634508
1982-06-30,-0.008982888399991137,-0.0014037244744798429
1982-07-30,-0.023725813675334446,0.009132284381437863
1982-08-31,0.14210903799712965,-0.010967858225895771
1982-09-30,0.02240153528533529,-0.008519204019589237
1982-10-29,0.18371167355247583,-0.062173979182945996
1982-11-30,0.03411503177943283,0.018106555784119044
1982-12-31,0.0009141137590482102,0.021979884130097847
1983-01-31,-0.03529744525591136,0.07614965130782339
1983-02-28,0.022422026386646823,0.007991589393211831
1983-03-31,0.029967986655778687,0.010391643117024552
1983-04-29,0.04709645165810559,0.033101668511520556
1983-05-31,0.0053519840955093155,-0.006559237129586181
1983-06-30,0.015757319615912174,0.02732937772480589
1983-07-29,-0.010762119076527781,-0.01622227420818978
1983-08-31,-0.00013855969672887014,0.0205930786518573
1983-09-30,0.04912549623241498,-0.030839335124455712
1983-10-31,-0.1233904911990556,0.11509824058349297
1983-11-30,0.018927327067838343,0.01012758502248775
1983-12-30,-0.0053968513774363715,0.0029220334630208717
1984-01-31,0.04135753549611316,-0.04093674097704904
1984-02-29,-0.05995247834726187,0.03204597775589935
1984-03-30,0.005584925264010766,0.01556566161074522
1984-04-30,-0.005565868906726065,0.015538457148965644
1984-05-31,-0.03911543159533795,-0.00918139643025468
1984-06-29,0.02205514731051155,0.005065342095426969
1984-07-31,-0.01900633350771693,0.01005471901382888
1984-08-31,0.08376468759085262,0.03282423085300254
1984-09-28,0.009751458859270796,-0.006157244315675272
1984-10-31,0.012165856835880702,-0.005582569946252761
1984-11-30,-0.016784972747384913,0.009007472630391674
1984-12-31,0.039808106029750635,-0.011985255334725015
1985-01-31,0.039296718984835624,0.04132539508170241
1985-02-28,0.0075641937508999155,0.00916417527202823
1985-03-29,-0.011270024639417333,0.016677429025574002
1985-04-30,-0.0015667714452932786,0.001007423812268184
1985-05-31,0.04494558745021217,0.022134525452839685
1985-06-28,0.019944876378280317,-0.0015246804843155742
1985-07-31,0.008626096478335236,-0.00821358052508823
1985-08-30,0.014031598225547446,-0.018219572819209492
1985-09-30,-0.02950435094563055,-0.0008623985437014869
1985-10-31,0.03529483036936565,0.013688335738571172
1985-11-29,0.021822535604735845,0.05364695629774126
1985-12-31,0.015606015505520111,0.035464938358389056
1986-01-31,0.007681279022362632,0.001541646276162073
1986-02-28,0.09259283119693129,-0.01167868533668108
1986-03-31,0.03163608116521835,0.027919757026178917
1986-04-30,-0.00254358744691631,-0.006561281605123308
1986-05-30,0.19737029431354527,-0.13854264374506373
1986-06-30,-0.009619119900342993,0.030366887520423946
1986-07-31,-0.020331889477793446,-0.03198213985687409
1986-08-29,0.003421843306507331,0.07510112660318236
1986-09-30,-0.045153772526519725,-0.03331160781105379
1986-10-31,0.01592583123905769,0.045468526788871366
1986-11-28,0.0018740802036137476,0.02551396821993151
1986-12-31,-0.019024740077843806,-0.005890391430619819
1987-01-30,0.07730924169956621,0.06373699112025472
1987-02-27,0.013862813367071576,0.03293739340532605
1987-03-31,0.003867255705367046,0.0273276879903717
1987-04-30,-0.010607595896276968,0.005962870885927255
1987-05-29,0.014117643233657322,-0.001457620937569945
1987-06-30,0.006767831577822975,0.04604150152821462
1987-07-31,0.010519489337710165,0.04374002770556877
1987-08-31,0.016701482378204527,0.025782796645238172
1987-09-30,0.04854233500287421,-0.06601566201391537
1987-10-30,-0.11136592061510604,-0.09408513725009333
1987-11-30,-0.0012361674591853545,-0.0756950787809228
1987-12-31,0.0029261139821831206,0.07695489707311721
1988-01-29,0.008447702716502699,0.04241947943033373
1988-02-29,0.008949314117801284,0.0426434606645973
1988-03-31,-0.00017547517159090828,-0.026445202278523837
1988-04-29,0.001702414442625227,0.011392545277101108
1988-05-31,0.013417219490390478,-0.002915521745137775
1988-06-30,0.025045289449940857,0.026876267563273815
1988-07-29,0.013829404069249696,-0.015529108131611968
1988-08-31,-0.015435788952722265,-0.014561395504691946
1988-09-30,0.01699217030176606,0.02855163671566858
1988-10-31,0.00025666542017740816,0.03311667264247115
1988-11-30,-0.02422726921247605,0.01113250732058394
1988-12-30,9.444554381137556e-05,0.02019804858570063
1989-01-31,0.05601809942638028,0.0187255343869598
1989-02-28,-0.003075986385302025,-0.020423010733879268
1989-03-31,0.0027909398770418316,0.023866923391417376
1989-04-28,0.02602244406390811,0.027721912353684642
1989-05-31,0.029090394445802525,0.014580194749926993
1989-06-30,-0.0194267182865005,0.016493864101196513
1989-07-31,0.05736122515054317,0.03667363245029714
1989-08-31,0.014308700509994242,0.009176895224980188
1989-09-29,-0.03148835938532481,0.03084983964276152
1989-10-31,-0.000719146466957858,-0.018336405604028924
1989-11-30,-0.00015318468319876704,0.02354481235125794
1989-12-29,0.035335456444319215,-0.009341182920048367
1990-01-31,-0.07832986428931538,0.014437749653273074
1990-02-28,0.026335047336770147,-0.010405623974346707
1990-03-30,0.001700234899767305,0.027532603208281957
1990-04-30,-0.03149912315168295,0.0096813254956052
1990-05-31,0.004381796323458675,0.09613864387137296
1990-06-29,-0.013079622969831641,0.009307732106448101
1990-07-31,-0.002561217068057786,0.003991127445202074
1990-08-31,-0.09366826576959442,0.006514417855641344
1990-09-28,-0.03698876771002486,-0.00560458100037433
1990-10-31,-0.02957038318385346,0.033147109475024875
1990-11-30,0.049821668092373886,0.020355748489312514
1990-12-31,0.02370650036462182,0.007394604817934726
1991-01-31,0.0081289088987129,0.04332711465841402
1991-02-28,0.053096026852467545,0.022346387409644522
1991-03-28,0.012281987525587871,0.01620032650905425
1991-04-30,-2.2787223944364677e-05,0.005734664104424656
1991-05-31,0.01373641798225173,0.03331379860783786
1991-06-28,-0.04110142790526063,-0.001395693460964402
1991-07-31,0.018018781434559136,0.031672974810974565
1991-08-30,-0.010340783582071108,0.037544560453580296
1991-09-30,-0.007115668994844093,-0.00669032455842586
1991-10-31,-0.0013743952564469033,0.018900883140620443
1991-11-29,-0.01897445155749715,-0.01713826928449682
1991-12-31,0.04322554130758707,0.0763776425963862
1992-01-31,0.02425927476484411,-0.03646460838330397
1992-02-28,0.00463213671717478,0.012156309030127675
1992-03-31,-0.029189236249252352,0.012239580716324298
1992-04-30,-0.026108197501528038,0.05911533793598325
1992-05-29,0.042154880041429914,-0.03520045906327107
1992-06-30,-0.006106930883027817,-0.004890993920619526
1992-07-31,0.0440622662646656,-0.0005748534971222116
1992-08-31,-0.00577310728002197,-0.012039512947072655
1992-09-30,0.018831604208575936,-0.004447599178048475
1992-10-30,-0.023799828915643077,0.03258818736384325
1992-11-30,0.007705723363672838,0.02909557589396016
1992-12-31,0.006443349012019237,0.010634922583685494
1993-01-29,0.01235430121214845,-0.0006865371342526672
1993-02-26,0.0022200337955856136,0.01546386960816323
1993-03-31,0.03073495822024893,-0.006637060771643069
1993-04-30,-0.02998094572506634,0.011265473436873341
1993-05-28,0.034779947100215716,-0.005814983189099416
1993-06-30,-0.002693645325687843,0.0104947795793988
1993-07-30,0.00428140205800933,-0.0054763423677764485
1993-08-31,-0.011144942751945445,0.05137174710634779
1993-09-30,-0.0029135704005798756,-0.0009964941685364484
1993-10-29,0.009952906864615023,0.015128637405632236
1993-11-30,-0.018036078030405352,0.013005492655130697
1993-12-31,0.02128514072144997,-0.005644065293155934
1994-01-31,-0.0020651087466440794,0.0397475386899494
1994-02-28,-0.03321567351944718,0.00980154901414445
1994-03-31,-0.013014720252908375,-0.027829902080226072
1994-04-29,0.004209803688894747,0.012094917060201197
1994-05-31,0.0049388213351815756,0.015524305082743065
1994-06-30,0.03110055045771954,-0.053243616256763215
1994-07-29,0.013385982867546387,0.022027529495903593
1994-08-31,0.05450130641528604,-0.009416310496158355
1994-09-30,-0.08262392790299766,0.06179773472847554
1994-10-31,0.007971927158546777,0.018323371737675103
1994-11-30,-0.047534147435841584,0.014062151251260105
1994-12-30,0.013950512789133819,0.003441272381771974
1995-01-31,0.014667893202775558,0.014649007034157373
1995-02-28,0.0426342233568628,-0.0008318375025731795
1995-03-31,0.03611680002321028,-0.0041684836855220495
1995-04-28,-0.047099470197603494,0.08030236027857693
1995-05-31,0.07322572615808944,-0.03088572329484649
1995-06-30,0.03257499936216098,-0.005001001624834734
1995-07-31,0.06847090601688566,-0.032523672228293915
1995-08-31,0.0028300983889288493,0.0035540256124136746
1995-09-29,0.010874530114279813,0.03468171251540862
1995-10-31,-0.020788125661892025,0.023133715116453738
1995-11-30,0.02581755611469999,0.022327402961047287
1995-12-29,0.011561274885800183,0.009903018562477574
1996-01-31,0.020474295982336153,0.017999672654324318
1996-02-29,0.010219398528604848,0.003323888758445642
1996-03-29,-0.011354851063033935,0.02469586985393217
1996-04-30,0.03926324041292478,-0.020801025390891577
1996-05-31,0.012784424352914436,0.014627340915882255
1996-06-28,-0.009944782557882106,0.01717451169164357
1996-07-31,-0.05212666764944755,0.011213690874976832
1996-08-30,0.015552770304742173,0.009327266433811626
1996-09-30,0.07720891773181562,-0.017732402250238158
1996-10-31,0.0035145382297601785,0.028267261832542735
1996-11-29,0.05165916759672229,0.028338538550753217
1996-12-31,-0.007376088855311092,-0.009014294814732534
1997-01-31,0.011829766553276885,0.05692341162941254
1997-02-28,0.021609708459502223,-0.009186224246862018
1997-03-31,-0.042157697632104876,0.0040376492561273875
1997-04-30,0.013417410365688501,0.05290443799504663
1997-05-30,0.03533240705379648,0.02987433871123983
1997-06-30,0.006144151803214435,0.042254656611751325
1997-07-31,0.05469590173188587,0.03267564583831003
1997-08-29,0.010444793650924922,-0.06148018392962297
1997-09-30,0.05377719582956479,0.004079504122994987
1997-10-31,-0.042835869238769746,0.01688737538525446
1997-11-28,0.009831197529382933,0.04130890625721255
1997-12-31,0.0077465978407617545,0.014604259434684854
1998-01-30,-0.005952999127631977,0.02389616787240338
1998-02-27,0.046207072715697614,0.029901178906232964
1998-03-31,0.01660580790687141,0.03985757036064178
1998-04-30,-0.01102250976399503,0.027612764675430137
1998-05-29,-0.02206554665595016,0.008383748117249195
1998-06-30,-3.482739311404245e-05,0.047744139623759986
1998-07-31,-0.02954712780341709,0.02718644101634044
1998-08-31,-0.07010084465358538,-0.06270732828643061
1998-09-30,0.006961423202298849,0.0702763591904806
1998-10-30,-0.009297670693267843,0.09933801276029038
1998-11-30,0.007657906766203416,0.059730208334712334
1998-12-31,0.004738351534478227,0.06487725490957018
1999-01-29,-0.007824483581129532,0.0648292469682172
1999-02-26,-0.018503940674001074,-0.006677495834742746
1999-03-31,0.006836786709052008,0.04567209056002265
1999-04-30,0.04126975494119569,0.00968887930574163
1999-05-28,-0.0028897262881373512,-0.014762206378416019
1999-06-30,-0.008641728886767971,0.07096518807893136
1999-07-30,-0.04206578604417896,0.01718606888575087
1999-08-31,-0.0017250916929340216,0.005099875986596681
1999-09-30,-0.005633426321385991,-0.013742042656230299
1999-10-29,0.011471157190469893,0.06659787654435945
1999-11-30,0.07847458454504956,-0.04567319684360209
1999-12-31,0.027046124643729123,0.06491711972192574
2000-01-31,0.034518437091455176,-0.06766817200293568
2000-02-29,-0.04723277975670813,0.0587164020976499
2000-03-31,0.1628264476260196,-0.04996614110223946
2000-04-28,0.020202675017843744,-0.036829412362255176
2000-05-31,0.005468756231611355,-0.013396251477540777
2000-06-30,0.0031148487668839157,0.04050800621285733
2000-07-31,-0.20388414669278232,0.20233759545528443
2000-08-31,0.10213331479302698,-0.027754055593585236
2000-09-29,0.010540525679367665,-0.03787394150930034
2000-10-31,0.014091105461964983,-0.003520161207185747
2000-11-30,-0.028996601377508896,-0.028817385607393685
2000-12-29,0.01020440105362588,0.01186974858256869
2001-01-31,0.019863439851265985,0.04131479494436371
2001-02-28,0.04432723230381604,-0.11177762281931142
2001-03-30,-0.01609455484447117,-0.03787406772033088
2001-04-30,-0.0015624038466789487,0.089185242118738
2001-05-31,0.011401915358410829,0.00048525682561983974
2001-06-29,-0.008351396080228909,-0.008829755051036973
2001-07-31,-0.022216537256808937,0.020355087060486006
2001-08-31,-0.01463045040163757,-0.0420809776612142
2001-09-28,-0.048599539829356726,-0.016153235232601308
2001-10-31,-0.008692407347122622,0.040887948253766924
2001-11-30,0.0278895323882499,0.05932491334302552
2001-12-31,-0.005166263491194551,0.018885962025196254
2002-01-31,-0.06270124943173694,0.05696964216197127
2002-02-28,0.03211900480166088,-0.04237095221316808
2002-03-28,0.018263163916444246,0.025653579855267998
2002-04-30,-0.007618215791678951,-0.043863612958425606
2002-05-31,-0.001212691338478099,-0.0018742394916331801
2002-06-28,-0.014095901190837104,-0.04632122645180459
2002-07-31,-0.037851730424203506,-0.02619385928181389
2002-08-30,-0.008809801267307812,0.02143179129500914
2002-09-30,-0.05137373388683984,-0.04949945405099057
2002-10-31,0.02807782085079645,0.0752788818155782
2002-11-29,0.02229478035885553,0.04809129403027737
2002-12-31,0.00020270089942105033,-0.05310637312482735
2003-01-31,-0.012890776858528609,-0.01003408927463871
2003-02-28,-0.01407909300215434,0.0027003709845091727
2003-03-31,0.0009667898773583273,0.013504585019832793
2003-04-30,0.02190673253176908,0.06585519745636007
2003-05-30,0.009171458396052733,0.049695993228171635
2003-06-30,-0.0083631168660286,0.024417587579780048
2003-07-31,0.01697822278611715,0.0063259472689910085
2003-08-29,0.002897069511044096,0.020904853794566542
2003-09-30,0.006190041186089188,-0.013658770685870297
2003-10-31,0.024071810807187212,0.0374845065756408
2003-11-28,0.023045789269804363,-0.011491247356007055
2003-12-31,-0.009828983841528572,0.06526127131427206
2004-01-30,0.01806414217642072,0.005024680368724176
2004-02-27,0.03144849503599845,-0.01419000290318487
2004-03-31,0.009828677947855309,-0.02258344639778151
2004-04-30,-0.014755960185284286,0.003051138189525803
2004-05-28,0.0010834095831076399,0.015005869531778144
2004-06-30,0.003776645987721081,0.018135962873463096
2004-07-30,-0.00882262538386132,-0.020093836207710207
2004-08-31,-0.005877893177120131,0.012337779257023363
2004-09-30,0.03660565330345009,-0.022018786829322002
2004-10-29,0.05030795651726513,-0.03150246174934408
2004-11-30,0.011938795084912537,0.03183313241982516
2004-12-31,0.0034285054867574044,0.03263290973980442
2005-01-31,-0.020913787481593712,0.0004954031209748501
2005-02-28,0.10114298162897474,-0.07519637423852257
2005-03-31,-0.018827462517395796,0.00458079107658935
2005-04-29,-0.016675602862435662,0.0014574782411901199
2005-05-31,0.024876663861082816,0.009908906922889801
2005-06-30,0.0007271770560381627,0.0035871426365235637
2005-07-29,0.034060676612832505,0.0067869820550302
2005-08-31,0.0016666476015344805,-0.007941971210166583
2005-09-30,-0.00020080041832378306,0.011345492032535898
2005-10-31,-0.015809491287086027,0.004017488303876427
2005-11-30,0.024185191330274344,0.017007817344961346
2005-12-30,0.022643968469870164,-0.020640334896397758
2006-01-31,0.004001770321152041,0.02844410371813032
2006-02-28,-0.015142018341604994,0.020355497728375336
2006-03-31,-0.02708618328192728,0.04238380425685048
2006-04-28,-0.03647064746921788,0.05194732294761131
2006-05-31,-0.07421766637726235,0.04864089761865556
2006-06-30,-0.0007431587320873199,0.004568787033125753
2006-07-31,-0.0011594763239768493,0.011993142775745778
2006-08-31,0.04528027969189048,-0.01758670564733686
2006-09-29,0.009209563200035145,0.01988642522877514
2006-10-31,0.019357806041494847,0.015544782959492603
2006-11-30,0.02363787732694666,-0.003033063481065284
2006-12-29,-0.010874170739551253,0.02698199787497223
2007-01-31,0.02741336203639347,-0.009456012330542916
2007-02-28,0.017197035555881233,-0.03433397149986928
2007-03-30,0.008443374457028526,0.0046598947371966105
2007-04-30,0.0249707894771745,0.02169019131127662
2007-05-31,0.03507809997098303,0.001600467634025611
2007-06-29,-0.02878075660844151,0.014215831166609436
2007-07-31,-0.04187149261265499,0.01492693923297567
2007-08-31,0.004020319448017103,0.013349911515609374
2007-09-28,-0.013776976178683564,0.054488147312472014
2007-10-31,-0.01246160019281623,0.03669650951091291
2007-11-30,-0.01771036326878027,-0.01845805767077866
2007-12-31,-0.002948908594199185,0.0019833173457389055
2008-01-31,-0.07359194258538229,0.02097921678593137
2008-02-29,-0.07690653246686285,0.053037509995598496
2008-03-31,0.0012811767181861939,0.001672535003583709
2008-04-30,0.03765635678520282,0.017282028130199564
2008-05-30,0.0047604173671925015,0.013552317739852961
2008-06-30,-0.04374327643766246,-0.030095531239965334
2008-07-31,-0.007290764450441715,0.013625666641960937
2008-08-29,0.0073654011509863854,0.01163010449786426
2008-09-30,-0.09967940296643205,0.03359633937728235
2008-10-31,-0.019482850293310938,-0.1295412634580948
2008-11-28,0.002328958557053234,-0.06130027016433384
2008-12-31,1.427085404625483e-05,0.021142610390918953
2009-01-30,-0.005685179560582156,-0.06133718083582864
2009-02-27,-0.023390664950207394,-0.06843107083660699
2009-03-31,0.013876919700815577,0.08256009648765325
2009-04-30,0.025276631580738788,0.0894590089390847
2009-05-29,0.009842968700076457,0.05380094553315971
2009-06-30,0.0011312963754179692,0.006782568294030638
2009-07-31,0.013071592029080616,0.06712340110706581
2009-08-31,0.006342837699578276,0.03571077766144436
2009-09-30,0.013149380600686305,0.02695983451394381
2009-10-30,-0.02018809699525758,0.0066491645230365385
2009-11-30,0.005386952369928543,0.05846058190439736
2009-12-31,0.004945110576007421,0.017713822220894487
2010-01-29,0.010107791455410004,-0.041999545901586444
2010-02-26,0.004749373684159872,0.02857550604589931
2010-03-31,0.009290065196150561,0.05448416142027274
2010-04-30,0.00017234797985083165,0.019859148430887884
2010-05-28,-0.004377601664884602,-0.07299472896282555
2010-06-30,-0.007214385397327698,-0.042841743434587944
2010-07-30,0.006971156340875532,0.06714382614034613
2010-08-31,-0.022821607384689035,-0.018787732711824507
2010-09-30,0.010355351261772519,0.08318765180031952
2010-10-29,0.004094252761812785,0.03767030035637796
2010-11-30,0.0005242020849119754,0.0026574879339152997
2010-12-31,0.00851325284071017,0.06200755869770258
2011-01-31,-0.006038179743174324,0.03232881018684271
2011-02-28,0.00890263558911574,0.026374746880300337
2011-03-31,-0.0026877368094918564,0.00543632794820232
2011-04-29,0.0018655489487219698,0.03011416927040545
2011-05-31,0.005227914892346285,-0.014384760304018862
2011-06-30,-0.003203016136731164,-0.011863200965885242
2011-07-29,-0.019812245985624838,0.004254595170634777
2011-08-31,-0.02796028729928034,-0.021202100103991917
2011-09-30,-0.03230927209060108,-0.030898217789501137
2011-10-31,0.08768475378724054,0.027324208957636945
2011-11-30,-0.003570127122251365,0.003780761801730217
2011-12-30,0.0006369212969253542,0.012300071737128904
2012-01-31,0.012350035939439204,0.038373462796055656
2012-02-29,0.027914655447106477,0.018987360852417565
2012-03-30,0.02520193738320618,0.010496026112790272
2012-04-30,0.012638783241676338,-0.016162609200155314
2012-05-31,-0.1049885880667777,0.050032125526483166
2012-06-29,0.030320694787497028,0.013523511930809778
2012-07-31,-0.01538024618416833,0.03281359564297658
2012-08-31,0.009476942647259564,0.01595495307088518
2012-09-28,-0.013015209455775948,0.03990642418818327
2012-10-31,-0.001030691320681433,-0.013620426903324975
2012-11-30,0.01216915941033185,-0.0043796116620840935
2012-12-31,0.030561568793417336,-0.019556173784836855
2013-01-31,-0.020027197438171444,0.07576741304785836
2013-02-28,0.023122252459383746,-0.008205900510500278
2013-03-28,0.05866801919189445,-0.019282394507837565
2013-04-30,0.02242312203599527,7.869662758152804e-05
2013-05-31,-0.03482804523014886,0.06165553041657225
2013-06-28,-0.006388148866846686,-0.005044427203445983
2013-07-31,0.03161288477931951,0.02196179941891964
2013-08-30,-0.02611469318075569,-0.0011423779073560132
2013-09-30,0.03317770965612154,0.0004907834834195976
2013-10-31,0.02272489637448538,0.026185128817683118
2013-11-29,0.0017104536319099454,0.03147517275103599
2013-12-31,0.011370296398221059,0.016354437195143207
2014-01-31,-0.06696998092357768,0.0361230543682038
2014-02-28,0.0172531845066329,0.03034413767858822
2014-03-31,0.0037745140809443685,0.006631985786002208
2014-04-30,-0.0012903250825364466,0.011455847404639069
2014-05-30,0.004971798149567733,0.01998662095123571
2014-06-30,0.03134365961030541,-0.008823685811331736
2014-07-31,-0.024880510725045893,0.013281113266456026
2014-08-29,0.023834831209983018,0.017425193049756454
2014-09-30,-0.012823936026806353,0.0009171001635873109
2014-10-31,0.020351262907081807,0.006885776138828188
2014-11-28,0.00920137534251948,0.022221916579101
2014-12-31,-0.002959269815952243,0.0024198250785998545
2015-01-30,-0.009294689765865309,-0.015437196126262357
2015-02-27,-0.003505434048835097,0.06342224866595263
2015-03-31,0.00011545957639367662,-0.013105918898134828
2015-04-30,-0.03556593450789727,0.048273271136510594
2015-05-29,0.02231125391983449,-0.00750593852151245
2015-06-30,-0.02209936989952349,0.004859954510518693
2015-07-31,0.0414822936079583,-0.015238736814969664
2015-08-31,-0.031726793204595705,-0.02622410513956
2015-09-30,-0.012365658705129855,-0.00946535164415371
2015-10-30,0.00777573721027875,0.07974135737483394
2015-11-30,-0.0012171503874175724,0.007055912971873535
2015-12-31,-0.008161864403877617,-0.0036512647074338836
2016-01-29,-0.04617533673264878,0.0030959517001797124
2016-02-29,0.0025859891142671447,-0.0008986915192685469
2016-03-31,0.049810956830753636,0.019961485642422658
2016-04-29,-0.000784602049052741,0.009658906441027355
2016-05-31,0.0042344859484397986,0.016651968312900278
2016-06-30,0.0007691937478414941,0.005501742225147072
2016-07-29,0.06008810858017542,-0.02044563700918675
2016-08-31,-0.0031322776559232356,0.0069595111431016024
2016-09-30,-0.003688687672251668,0.006122269728053742
2016-10-31,-0.016195950581561504,0.0013798340014035387
2016-11-30,-0.0023481905080206663,0.04543126350452804
2016-12-30,0.03546043827522527,-0.014659989832537006
2017-01-31,0.008386916637605941,0.014145346796008148
2017-02-28,0.03546763807990418,0.00616388541248495
2017-03-31,0.0002071331642393496,0.002893943516264173
2017-04-28,-0.001034082811104328,0.01340480298982515
2017-05-31,0.002866743197176236,0.014892436251244048
2017-06-30,0.042614609149994806,-0.033995777308048605
2017-07-31,0.03075857291970652,-0.0076675278630106355
2017-08-31,-0.061593014295520464,0.06638735460851646
2017-09-29,-0.001593932423192954,0.024379004647387827
2017-10-31,-0.01672726965914512,0.045751309156580794
2017-11-30,0.030504719685347497,0.003476295623942357
2017-12-29,-0.00796051436994621,0.02086203482626408
2018-01-31,0.02936996895809106,0.03320613294367511
2018-02-28,-0.058469144662448715,0.024315895749185877
2018-03-29,0.012757164931468523,-0.035884475801708116
2018-04-30,-0.001282367380453385,0.008688258008034
2018-05-31,0.030807938922414315,-0.0034026279996935936
2018-06-29,0.018401890790793643,-0.008858716340997996
2018-07-31,-0.016836033459366996,0.057102911455212825
2018-08-31,0.0289007957814287,0.007937882347777717
2018-09-28,-0.03780375901448272,0.04502671248321678
2018-10-31,-0.024093341432230665,-0.037408134192246166
2018-11-30,0.022680384026061675,0.0030439060882943465
2018-12-31,-0.005522870253483055,-0.08243651308815672
2019-01-31,0.02703006027816516,0.059074738352027194
2019-02-28,0.006059777240125076,0.02866312250601697
2019-03-29,0.007844347210531349,0.014363353728065175
2019-04-30,0.004869223957042165,0.04000129919425807
2019-05-31,-0.0006039535005095251,-0.05810206431243771
2019-06-28,0.006566923488630676,0.06528496662823302
2019-07-31,0.0073574871142982196,0.010240876547119956
2019-08-30,-0.0028882982309092462,-0.008581215640762037
2019-09-30,-0.004800146104718699,0.025844460227613712
2019-10-31,0.0022942029198632415,0.022652138014992086
2019-11-29,0.023332914929362816,0.01517964516179712
2019-12-31,0.008651096803965204,0.022762354904254746
2020-01-31,0.006151472053411477,-0.0012315228833889224
2020-02-28,0.04371294964761683,-0.12243060694380442
2020-03-31,-0.018625015430093116,-0.08587207528213181
2020-04-30,0.014518853602282751,0.12048211371971665
2020-05-29,0.004131963547128255,0.047076093104526665
2020-06-30,1.0829208549539523e-05,0.025291648460520216
2020-07-31,0.014398826799158545,0.04846785060259448
2020-08-31,0.007878993215300185,0.06989348026144022
2020-09-30,-0.011990158654206192,-0.02327578407348363
2020-10-30,-0.00014600738276847786,-0.022263254158914527
2020-11-30,0.008884890401558062,0.10718422873191533
2020-12-31,0.0032876573780870567,0.04185441258241327
2021-01-29,-0.005883446212425852,-6.885433091776815e-05
2021-02-26,0.01286610347822042,0.02236073878148155
2021-03-31,0.015971733074542426,0.03074748182391174
2021-04-30,0.008855567465625028,0.04787530263289815
2021-05-28,0.016176395851123817,-0.007340574536926384
2021-06-30,0.012610302175717686,0.014979938077780296
2021-07-30,0.009073783711263179,0.018672902797506906
2021-08-31,0.05997863483556071,-0.026979728441207523
2021-09-30,-0.017064450821956387,-0.02622168862496814
2021-10-29,0.03696631598935558,0.04150058436674872
2021-11-30,-0.02171068734371074,0.021445563636570443
2021-12-31,0.037174425930176336,0.011048791183837843
2022-01-31,-0.06358420276290863,0.018700795005277118
2022-02-28,-0.023935116988324047,0.0007149357575953509
2022-03-31,-0.034812680311564946,0.07776407944686492
2022-04-29,-0.0401661226673456,-0.03890070261021469
2022-05-31,0.007607883346664771,-0.0018429303343482162
2022-06-30,-0.08222890835166258,0.005582863929551013
2022-07-29,0.013468793978243757,0.08740203439542894
2022-08-31,-0.00325978111005915,-0.03449218337116294
2022-09-30,-0.027454685316514894,-0.06021498864037686
2022-10-31,0.1685213718307185,-0.07814744988191101
2022-11-30,0.019833223595110108,0.04006141915637278
2022-12-30,-0.02714274154112739,-0.026902793807884115
2023-01-31,0.04614478178658901,0.026265992116067463
2023-02-28,0.06383660821496268,-0.0837645923818445
2023-03-31,0.0079430915929966,0.037653584102907416
2023-04-28,-0.0184153620035741,0.037218586480706334
2023-05-31,-0.005765488827280192,0.02212747578766163
2023-06-30,0.02034268975882239,0.05033818994694307
2023-07-31,0.007936234238608866,0.026630245184585764
2023-08-31,0.04095391390104223,-0.052834682865773516
2023-09-29,-0.045269866286501495,-0.0001025965219642877
2023-10-31,-0.018551689804462073,0.0021844280886659725
2023-11-30,0.056158724484212524,0.038751759699480776
2023-12-29,0.002806166799106561,0.046171556010668
2024-01-31,0.00048788752149581474,0.021381278075724548
2024-02-29,0.016462064909681905,0.04331824450315128
2024-03-28,0.016133685785910477,0.019647799379413307
2024-04-30,-0.02157582217206403,-0.01482808760109719
2024-05-31,0.0054315082749205506,0.05000010287343345
2024-06-28,-0.00645470537794624,0.04814578662676856
2024-07-31,0.03935746077571975,-0.02132416931020012
2024-08-30,0.0452840739150335,-0.01716836993353447
2024-09-30,0.009644063616353225,0.016212347581260826
2024-10-31,-0.028102389106855023,0.02331629601900045
2024-11-29,0.5738316545455631,-0.507370745352786
2024-12-31,-0.04455123696725196,0.029402038127885274
